Type,2010-02,2010-03,2010-04,2010-05,2010-06,2010-07,2010-08,2010-09,2010-10,2010-11,2010-12,2011-01,2011-02,2011-03,2011-04,2011-05,2011-06,2011-07,2011-08,2011-09,2011-10,2011-11,2011-12,2012-01,2012-02,2012-03,2012-04,2012-05,2012-06,2012-07,2012-08,2012-09,2012-10,2012-11,2012-12,2013-01,2013-02,2013-03,2013-04,2013-05,2013-06,2013-07,2013-08,2013-09,2013-10,2013-11,2013-12,2014-01,2014-02,2014-03,2014-04,2014-05,2014-06,2014-07,2014-08,2014-09,2014-10,2014-11,2014-12,2015-01,2015-02,2015-03,2015-04,2015-05,2015-06,2015-07,2015-08,2015-09,2015-10,2015-11,2015-12,2016-01,2016-02,2016-03,2016-04,2016-05,2016-06,2016-07,2016-08,2016-09,2016-10,2016-11,2016-12,2017-01,2017-02,2017-03,2017-04,2017-05,2017-06,2017-07,2017-08,2017-09,2017-10,2017-11,2017-12,2018-01,2018-02,2018-03,2018-04,2018-05,2018-06,2018-07
1-Bedroom,0.0,0.0,0.0,0.0,0.0,0.0,0.0,0.0,0.0,0.0,0.0,0.0,0.0,0.0,0.0,0.0,0.0,0.0,0.0,0.0,0.0,0.0,0.0,0.0,0.0,0.0,0.0,0.0,0.0,0.0,0.0,0.0,0.0,1695.0,1650.0,1590.0,1600.0,1650.0,1589.0,1635.0,1550.0,1783.0,1743.5,1787.5,1732.0,1776.0,2011.0,1995.0,1974.0,1962.0,2057.0,2038.0,2066.5,2223.0,2196.0,2310.0,2315.0,2300.0,2319.0,2335.0,2340.0,2340.0,2427.5,2450.5,2500.0,2581.0,2620.0,2555.0,2530.0,2533.5,2529.0,2550.0,2545.0,2532.0,2470.0,2440.0,2440.0,2497.0,2388.5,2405.0,2327.0,2316.5,2338.0,2435.0,2438.0,2450.0,2479.0,2491.0,2506.0,2490.0,2459.0,2460.0,2403.0,2400.0,2418.0,2400.0,2424.5,2440.5,2467.0,2496.0,2558.0,2597.0
1-Bedroom,0.0,0.0,0.0,0.0,0.0,0.0,0.0,0.0,0.0,0.0,0.0,0.0,2050.0,1997.0,2025.0,2150.0,2100.0,2400.0,2575.0,2772.5,2680.0,2700.0,2485.0,2605.0,2688.5,2700.0,2650.0,2700.0,2780.0,2790.0,2665.0,2715.0,2750.0,2774.0,2800.0,2800.0,2790.0,2800.0,2846.0,3000.0,2990.0,2985.0,2964.5,2930.0,2900.0,2995.0,3045.0,3100.0,3000.0,2995.0,3050.0,3250.0,3295.0,3292.0,3320.5,3350.0,3379.5,3380.0,3410.5,3497.0,3500.0,3500.0,3500.0,3500.0,3595.0,3495.0,3559.0,3532.5,3500.0,3495.0,3402.5,3628.5,3631.5,3600.0,3595.0,3601.0,3520.0,3450.0,3311.5,3300.0,3221.5,3223.5,3100.0,3230.0,3295.0,3295.0,3300.0,3369.5,3400.0,3400.0,3375.0,3308.5,3295.0,3345.0,3300.0,3300.0,3395.0,3400.0,3403.0,3434.0,3459.5,3475.0
1-Bedroom,0.0,0.0,0.0,0.0,0.0,0.0,0.0,0.0,0.0,0.0,0.0,0.0,0.0,0.0,0.0,0.0,0.0,0.0,0.0,0.0,0.0,0.0,0.0,0.0,0.0,0.0,0.0,0.0,0.0,0.0,0.0,0.0,0.0,0.0,0.0,0.0,0.0,0.0,0.0,0.0,0.0,0.0,0.0,0.0,0.0,0.0,0.0,0.0,0.0,0.0,0.0,0.0,0.0,0.0,0.0,0.0,0.0,0.0,0.0,0.0,0.0,0.0,1897.5,2000.0,1950.0,2183.5,2285.0,2200.0,2195.0,2275.0,2300.0,2297.5,2300.0,2195.0,2295.0,2250.0,2285.0,2295.0,2300.0,2454.5,2200.0,2200.0,2000.0,2077.5,2100.0,2125.0,2143.0,2150.0,2100.0,2200.0,2195.0,2250.0,2250.0,2200.0,2200.0,2195.0,2200.0,2200.0,2290.0,2295.0,2200.0,2200.0
1-Bedroom,0.0,0.0,0.0,0.0,0.0,0.0,0.0,0.0,0.0,0.0,0.0,0.0,0.0,0.0,0.0,0.0,0.0,0.0,0.0,0.0,0.0,0.0,0.0,0.0,1352.0,1354.0,1375.0,1380.0,1440.0,1332.5,1400.0,1412.5,1532.0,1553.0,1585.0,1493.5,1610.0,1671.0,1585.0,1563.0,1563.0,1575.0,1737.0,1637.5,1695.0,1700.0,1719.0,1700.0,1679.0,1835.0,1846.0,1905.0,1900.0,1985.0,1902.0,1945.0,1935.0,1917.0,1928.5,1850.0,2004.5,2016.0,2179.0,2162.5,2198.0,2163.5,2211.0,2199.0,2127.0,2185.0,2143.0,2200.0,2211.0,2216.0,2182.5,2245.0,2260.0,2278.0,2123.0,2176.0,2111.0,2102.0,2144.0,2124.0,2095.0,2137.0,2183.5,2299.0,2245.0,2249.0,2234.0,2203.0,2193.0,2190.0,2173.0,2197.0,2202.0,2270.0,2335.5,2355.0,2355.5,2355.0
1-Bedroom,0.0,0.0,0.0,0.0,0.0,0.0,0.0,0.0,0.0,0.0,0.0,0.0,0.0,0.0,0.0,0.0,0.0,0.0,0.0,0.0,0.0,0.0,0.0,0.0,0.0,0.0,0.0,0.0,0.0,0.0,0.0,0.0,0.0,0.0,0.0,0.0,0.0,0.0,0.0,0.0,0.0,0.0,0.0,0.0,0.0,0.0,0.0,0.0,0.0,0.0,0.0,0.0,0.0,0.0,0.0,0.0,0.0,0.0,0.0,0.0,0.0,0.0,0.0,0.0,0.0,0.0,0.0,0.0,0.0,0.0,0.0,0.0,0.0,0.0,0.0,0.0,0.0,0.0,0.0,0.0,0.0,0.0,0.0,1865.0,1895.0,1891.5,1895.0,1918.0,1930.0,1842.5,1830.0,1847.5,1840.0,1895.0,1901.0,1895.0,1895.0,1903.0,1885.0,1880.0,1895.0,1895.0
1-Bedroom,0.0,0.0,0.0,0.0,0.0,0.0,0.0,0.0,0.0,0.0,0.0,0.0,0.0,0.0,0.0,0.0,0.0,0.0,0.0,0.0,0.0,0.0,0.0,0.0,0.0,0.0,0.0,0.0,0.0,1844.0,1900.0,1850.0,1842.0,1765.0,1765.0,1765.0,1765.0,1793.0,1805.0,1957.0,1926.0,2000.0,1997.5,1870.0,1920.0,1952.0,2000.0,2044.0,2042.0,2000.0,2160.0,2175.0,2189.0,2298.0,2350.0,2273.0,2273.0,2234.0,2355.0,2382.0,2405.0,2470.0,2350.0,2435.0,2451.0,2502.0,2541.0,2512.0,2426.0,2474.0,2495.0,2581.5,2601.5,2607.5,2601.5,2557.0,2650.0,2708.0,2421.0,2522.0,2400.0,2327.5,2442.5,2670.0,2583.0,2612.0,2619.0,2586.0,2614.0,2755.0,2755.0,2685.5,2673.5,2550.0,2645.0,2575.0,2585.0,2595.0,2610.0,2485.0,2600.0,2572.0
1-Bedroom,0.0,0.0,0.0,0.0,0.0,0.0,0.0,0.0,0.0,0.0,0.0,0.0,0.0,0.0,0.0,0.0,0.0,0.0,0.0,0.0,0.0,0.0,0.0,0.0,0.0,0.0,0.0,0.0,0.0,0.0,0.0,0.0,0.0,0.0,0.0,0.0,0.0,0.0,0.0,0.0,0.0,0.0,0.0,0.0,0.0,0.0,0.0,0.0,0.0,0.0,0.0,0.0,0.0,0.0,0.0,0.0,0.0,0.0,0.0,0.0,0.0,0.0,0.0,0.0,0.0,0.0,0.0,0.0,0.0,0.0,0.0,0.0,0.0,0.0,0.0,0.0,0.0,0.0,0.0,2421.0,2195.0,2395.0,2175.0,2224.0,2500.0,2595.0,2595.0,2717.0,2578.0,2675.0,2785.0,2614.0,2595.0,2492.5,2495.0,2415.5,2550.0,2595.0,2595.0,2740.0,2610.0,2495.0
1-Bedroom,0.0,0.0,0.0,0.0,0.0,0.0,0.0,0.0,0.0,0.0,0.0,0.0,0.0,0.0,0.0,0.0,0.0,0.0,0.0,0.0,0.0,0.0,0.0,0.0,0.0,0.0,0.0,0.0,0.0,0.0,0.0,0.0,0.0,0.0,0.0,0.0,0.0,0.0,0.0,0.0,0.0,0.0,0.0,0.0,0.0,0.0,0.0,0.0,0.0,0.0,0.0,0.0,0.0,0.0,0.0,0.0,0.0,0.0,0.0,0.0,0.0,0.0,0.0,0.0,0.0,0.0,0.0,0.0,0.0,0.0,0.0,0.0,0.0,0.0,0.0,0.0,0.0,0.0,0.0,0.0,0.0,0.0,0.0,2755.0,2495.0,2615.0,2585.0,2500.0,2725.0,2595.0,2595.0,2620.0,2620.0,2620.0,2625.0,2570.0,2595.0,2645.0,2537.5,2730.0,2700.0,2700.0
2-Bedroom,0.0,0.0,0.0,0.0,0.0,0.0,0.0,0.0,0.0,0.0,0.0,0.0,0.0,0.0,0.0,0.0,0.0,0.0,0.0,0.0,0.0,0.0,0.0,0.0,0.0,0.0,0.0,0.0,0.0,0.0,0.0,0.0,0.0,0.0,1947.5,1935.0,1995.0,2000.0,1895.0,1965.0,1912.5,2125.0,2159.5,2254.0,2100.0,2165.0,2395.0,2390.0,2350.0,2374.0,2438.0,2500.0,2550.0,2695.0,2565.0,2695.0,2715.0,2720.0,2735.0,2760.0,2800.0,2828.0,2855.5,2919.0,2950.0,2994.5,3000.0,3077.0,3003.0,2985.5,2981.5,2975.0,2968.0,2968.0,2945.0,2950.0,2895.0,2862.0,2847.5,2900.0,2755.0,2755.0,2695.0,2786.0,2829.0,2896.0,2917.5,2880.0,2895.0,2903.0,2874.0,2831.0,2810.0,2818.0,2850.0,2800.0,2848.5,2849.0,2922.5,3000.0,3026.0,3060.0
2-Bedroom,0.0,0.0,0.0,0.0,0.0,0.0,0.0,3200.0,3200.0,3400.0,3350.0,2987.5,2850.0,2800.0,3000.0,2900.0,2900.0,3000.0,3200.0,3600.0,3524.0,3400.0,3275.0,3500.0,3544.0,3684.5,3500.0,3450.0,3750.0,3800.0,3690.0,3880.0,3809.0,3805.0,3892.5,3900.0,3920.0,3995.0,4080.0,4150.0,4203.0,4175.0,4195.0,4200.0,4200.0,4265.0,4200.0,4216.0,4127.0,4147.5,4250.0,4348.5,4400.0,4455.0,4550.0,4600.0,4600.0,4558.0,4700.0,4745.0,4730.0,4610.0,4635.0,4700.0,4760.0,4709.0,4900.0,4795.0,4785.0,4700.0,4694.5,4900.0,4900.0,4800.0,4720.0,4724.0,4600.0,4550.0,4500.0,4500.0,4495.0,4395.0,4350.0,4495.0,4495.0,4400.0,4500.0,4500.0,4475.0,4500.0,4500.0,4375.0,4375.0,4435.0,4387.5,4450.0,4475.0,4500.0,4500.0,4500.0,4500.0,4600.0
2-Bedroom,0.0,0.0,0.0,0.0,0.0,0.0,0.0,0.0,0.0,0.0,0.0,0.0,0.0,0.0,0.0,0.0,0.0,0.0,0.0,0.0,0.0,0.0,0.0,0.0,0.0,0.0,0.0,0.0,0.0,0.0,0.0,0.0,0.0,0.0,0.0,0.0,0.0,0.0,0.0,0.0,0.0,0.0,0.0,0.0,0.0,0.0,0.0,0.0,0.0,0.0,0.0,0.0,0.0,0.0,0.0,0.0,0.0,0.0,0.0,0.0,0.0,0.0,0.0,0.0,0.0,2325.0,2272.5,2550.0,2700.0,2750.0,2785.0,2837.0,2700.0,2800.0,2888.0,2825.0,2795.0,3100.0,2775.0,2800.0,2495.0,2800.0,2500.0,2650.0,2600.0,2695.0,2762.5,2712.5,2737.5,2737.5,2795.0,2800.0,2875.0,2840.0,2790.0,2750.0,2660.0,2599.5,2687.5,2795.0,2795.0,2895.0
2-Bedroom,0.0,0.0,0.0,0.0,0.0,0.0,0.0,0.0,0.0,0.0,0.0,0.0,0.0,0.0,0.0,0.0,0.0,0.0,0.0,0.0,1674.5,1600.0,1650.0,1654.0,1625.0,1650.0,1640.0,1650.0,1760.0,1684.0,1700.0,1699.0,1784.0,1885.0,1875.0,1826.0,1881.0,1912.0,1880.0,1787.0,1749.0,1800.0,1954.0,1955.0,1953.5,1918.0,1900.0,1997.5,2012.5,2025.0,2100.0,2221.0,2200.0,2295.0,2195.0,2200.0,2128.0,2235.0,2200.0,2145.0,2265.0,2300.0,2491.5,2515.0,2585.0,2553.0,2685.0,2660.0,2500.0,2660.0,2661.5,2600.5,2613.0,2617.5,2637.0,2628.0,2644.0,2634.0,2537.0,2575.0,2558.0,2454.0,2500.0,2500.0,2455.0,2500.0,2615.0,2639.0,2630.0,2600.0,2611.0,2603.0,2600.0,2600.0,2606.0,2579.0,2554.5,2633.0,2700.0,2695.0,2744.0,2709.0
2-Bedroom,0.0,0.0,0.0,0.0,0.0,0.0,0.0,0.0,0.0,0.0,0.0,0.0,0.0,0.0,0.0,0.0,0.0,0.0,0.0,0.0,0.0,0.0,0.0,0.0,0.0,0.0,0.0,0.0,0.0,0.0,0.0,0.0,0.0,0.0,0.0,0.0,0.0,0.0,0.0,0.0,0.0,0.0,0.0,0.0,0.0,0.0,0.0,0.0,0.0,0.0,0.0,0.0,0.0,0.0,0.0,0.0,0.0,0.0,0.0,0.0,0.0,0.0,0.0,0.0,0.0,0.0,0.0,0.0,0.0,0.0,0.0,0.0,0.0,0.0,0.0,0.0,0.0,0.0,0.0,0.0,0.0,0.0,0.0,0.0,1999.5,2000.0,2085.0,2200.0,2095.0,2200.0,2150.0,2050.0,2070.0,2200.0,2225.0,2150.0,2250.0,2197.5,2200.0,2200.0,2250.0,2215.0
2-Bedroom,0.0,0.0,0.0,0.0,0.0,0.0,0.0,0.0,0.0,0.0,0.0,0.0,0.0,0.0,0.0,0.0,0.0,0.0,0.0,0.0,0.0,0.0,0.0,1779.0,2001.0,2036.0,2067.0,2221.0,2377.0,2315.0,2275.0,2245.0,2260.0,2185.0,2200.0,2128.0,2155.0,2210.0,2225.0,2390.0,2370.0,2475.0,2402.0,2397.0,2415.0,2500.0,2486.0,2527.0,2457.0,2500.0,2695.0,2710.0,2787.5,2800.0,2915.0,2765.0,2733.0,2795.0,2755.0,2975.0,3030.0,3002.0,3063.5,3087.5,3092.5,3100.0,3099.5,3170.0,3155.0,3083.5,3001.0,3001.0,3100.0,3126.0,3142.0,3146.0,3293.0,3262.0,2995.0,3095.5,2895.0,2934.0,2950.0,3000.0,2950.0,3100.0,3200.0,3300.0,3193.5,3274.0,3140.5,3086.0,3027.5,2995.0,3026.0,3080.0,3092.5,3202.5,3200.0,3200.0,3285.0,3295.0
2-Bedroom,0.0,0.0,0.0,0.0,0.0,0.0,0.0,0.0,0.0,0.0,0.0,0.0,0.0,0.0,0.0,0.0,0.0,0.0,0.0,0.0,0.0,0.0,0.0,0.0,0.0,0.0,0.0,0.0,0.0,0.0,0.0,0.0,0.0,0.0,0.0,0.0,0.0,0.0,0.0,0.0,0.0,0.0,0.0,0.0,0.0,0.0,0.0,0.0,0.0,0.0,0.0,0.0,0.0,0.0,0.0,0.0,0.0,0.0,0.0,0.0,0.0,0.0,0.0,0.0,0.0,0.0,0.0,0.0,0.0,0.0,0.0,0.0,0.0,0.0,0.0,0.0,0.0,0.0,0.0,2750.0,2800.0,2800.0,3025.0,3000.0,2975.0,3397.5,3450.0,3290.0,3250.0,3244.0,3250.0,3100.0,3091.0,3100.0,3195.0,3200.0,3300.0,3400.0,3300.0,3800.0,3522.5,3347.0
2-Bedroom,0.0,0.0,0.0,0.0,0.0,0.0,0.0,0.0,0.0,0.0,0.0,0.0,0.0,0.0,0.0,0.0,0.0,0.0,0.0,0.0,0.0,0.0,0.0,0.0,0.0,0.0,0.0,0.0,0.0,0.0,0.0,0.0,0.0,0.0,0.0,0.0,0.0,0.0,0.0,0.0,0.0,0.0,0.0,0.0,0.0,0.0,0.0,0.0,0.0,0.0,0.0,0.0,0.0,0.0,0.0,0.0,0.0,0.0,0.0,0.0,0.0,0.0,0.0,0.0,0.0,0.0,0.0,0.0,0.0,0.0,0.0,0.0,0.0,0.0,0.0,0.0,0.0,1357.5,1480.0,1587.5,1595.0,1500.0,1595.0,1500.0,1500.0,1595.0,1595.0,1595.0,1685.0,1695.0,1650.0,1650.0,1695.0,1695.0,1695.0,1695.0,1695.0,1695.0,1800.0,1800.0,1800.0,1795.0
2-Bedroom,0.0,0.0,0.0,0.0,0.0,0.0,0.0,0.0,0.0,0.0,0.0,0.0,0.0,0.0,0.0,0.0,0.0,0.0,0.0,0.0,0.0,0.0,0.0,0.0,0.0,0.0,0.0,0.0,0.0,0.0,0.0,0.0,0.0,0.0,0.0,0.0,0.0,0.0,0.0,0.0,0.0,0.0,0.0,0.0,0.0,0.0,0.0,0.0,0.0,0.0,0.0,0.0,0.0,0.0,0.0,0.0,0.0,0.0,0.0,0.0,0.0,0.0,0.0,0.0,0.0,0.0,0.0,0.0,0.0,0.0,0.0,0.0,0.0,0.0,0.0,0.0,0.0,0.0,0.0,0.0,0.0,0.0,0.0,0.0,1668.0,1650.0,1728.0,1695.0,1753.5,1750.0,1837.5,1795.0,1850.0,1815.0,1802.5,1800.0,1850.0,1800.0,1845.5,1900.0,1995.0,1911.0
2-Bedroom,0.0,0.0,0.0,0.0,0.0,0.0,0.0,0.0,0.0,0.0,0.0,0.0,0.0,0.0,0.0,0.0,0.0,0.0,0.0,0.0,0.0,0.0,0.0,0.0,0.0,0.0,0.0,0.0,3250.0,3360.0,3690.0,3650.0,3462.5,3200.0,2970.0,2922.5,3280.0,3090.0,3090.0,3090.0,3090.0,3090.0,3095.0,3250.0,3434.5,3500.0,3325.0,3295.0,3295.0,3295.0,3295.0,3749.0,3499.0,3555.0,3555.0,3683.0,3695.0,3495.0,3576.0,3595.0,3787.0,3800.0,3800.0,3850.0,4000.0,3963.0,3975.0,3997.0,3800.0,3800.0,3800.0,3800.0,3800.0,3805.0,4095.0,4195.0,3997.5,3886.0,3797.5,3550.0,3850.0,3572.5,3700.0,3720.0,3597.5,3673.5,3625.0,3875.0,3950.0,3962.5,3775.0,3775.0,3745.0,3500.0,3550.0,3800.0,3800.0,3700.0,3800.0,4000.0,3895.0,4223.0
3-Bedroom,0.0,0.0,0.0,0.0,0.0,0.0,0.0,0.0,0.0,0.0,0.0,1995.0,1985.0,2100.0,2295.0,2375.0,2300.0,2300.0,2250.0,2300.0,2395.0,2264.5,2300.0,2288.0,2200.0,2262.5,2275.0,2295.0,2350.0,2395.0,2660.0,2600.0,2599.0,2400.0,2495.0,2450.0,2400.0,2495.0,2500.0,2499.0,2513.5,2695.0,2668.0,2695.0,2750.0,2695.0,2840.0,2700.0,2608.0,2630.0,2750.0,2854.0,2900.0,2850.0,2950.0,2995.0,2951.5,2900.0,3000.0,3000.0,3000.0,3000.0,3150.0,3200.0,3300.0,3210.0,3287.0,3300.0,3299.5,3295.0,3250.0,3300.0,3395.0,3350.0,3314.0,3450.0,3400.0,3397.5,3232.5,3200.0,3195.0,3195.0,3150.0,3200.0,3285.0,3300.0,3382.5,3450.0,3405.0,3500.0,3450.0,3400.0,3395.0,3385.0,3395.0,3397.0,3400.0,3400.0,3495.0,3500.0,3500.0,3550.0
3-Bedroom,0.0,0.0,0.0,0.0,0.0,0.0,0.0,0.0,0.0,0.0,0.0,0.0,0.0,0.0,0.0,0.0,0.0,0.0,0.0,0.0,4500.0,4395.0,4000.0,3900.0,3890.0,4200.0,4000.0,4000.0,4500.0,4500.0,4225.0,4500.0,4197.5,4500.0,4500.0,4980.0,4987.5,4800.0,4495.0,5275.0,5200.0,5195.0,5295.0,5500.0,5315.0,5199.5,5200.0,5000.0,5150.0,4997.0,5135.0,5500.0,4900.0,4800.0,5625.0,5500.0,5800.0,5500.0,5950.0,5995.0,5999.0,5995.0,5795.0,5650.0,5945.0,6200.0,6500.0,6250.0,5900.0,5800.0,5900.0,5995.0,5950.0,5899.5,5680.0,5950.0,5595.0,5642.5,5649.5,5647.5,5331.5,5500.0,5200.0,5000.0,5495.0,5500.0,5387.5,5495.0,5495.0,5500.0,5477.0,5450.0,5495.0,5495.0,5500.0,5495.0,5395.0,5500.0,5500.0,5500.0,5500.0,5600.0
3-Bedroom,0.0,0.0,0.0,0.0,0.0,0.0,0.0,0.0,0.0,0.0,0.0,0.0,0.0,0.0,0.0,0.0,0.0,0.0,0.0,0.0,0.0,0.0,0.0,0.0,0.0,0.0,0.0,0.0,0.0,0.0,0.0,0.0,0.0,0.0,0.0,0.0,0.0,0.0,0.0,0.0,0.0,0.0,0.0,0.0,0.0,0.0,0.0,0.0,0.0,0.0,0.0,0.0,0.0,0.0,0.0,0.0,0.0,0.0,0.0,0.0,0.0,0.0,0.0,3250.0,3075.0,2800.0,3295.0,3650.0,3475.0,3350.0,3225.0,3300.0,3500.0,3500.0,3300.0,3190.0,3400.0,3600.0,3200.0,3397.5,3270.0,3000.0,3095.0,3200.0,2999.0,3125.0,3075.0,3150.0,3125.0,3150.0,3225.0,3400.0,3195.0,3250.0,3200.0,3125.0,3020.0,3197.5,3150.0,3195.0,3200.0,3425.0
3-Bedroom,0.0,0.0,0.0,0.0,0.0,0.0,0.0,0.0,0.0,0.0,0.0,0.0,0.0,0.0,0.0,0.0,0.0,1972.5,1995.0,2000.0,1972.5,2047.5,2110.0,2100.0,2100.0,2195.0,2195.0,2250.0,2220.0,2137.5,2100.0,2137.5,2200.0,2300.0,2200.0,2163.0,2272.5,2225.0,2295.0,2350.0,2495.0,2370.0,2406.0,2412.0,2450.0,2395.0,2500.0,2495.0,2495.0,2495.0,2495.0,2700.0,2695.0,2750.0,2642.5,2695.0,2600.0,2600.0,2700.0,2600.0,2524.5,2595.0,2899.0,2975.0,2997.5,3000.0,3000.0,3000.0,3025.0,3000.0,3000.0,2950.0,2995.0,2997.5,2955.5,3005.0,3200.0,3200.0,3125.0,3100.0,3000.0,3000.0,2980.0,3000.0,3100.0,3100.0,3150.0,3200.0,3200.0,3200.0,3200.0,3150.0,3100.0,3100.0,3100.0,3100.0,3200.0,3300.0,3290.0,3300.0,3352.0,3300.0
3-Bedroom,0.0,0.0,0.0,0.0,0.0,0.0,0.0,0.0,0.0,0.0,0.0,0.0,0.0,0.0,0.0,0.0,0.0,0.0,0.0,0.0,0.0,0.0,0.0,0.0,0.0,0.0,0.0,0.0,0.0,0.0,0.0,0.0,0.0,0.0,0.0,0.0,0.0,0.0,0.0,0.0,0.0,0.0,0.0,0.0,0.0,0.0,0.0,0.0,0.0,0.0,0.0,0.0,0.0,0.0,0.0,0.0,0.0,0.0,0.0,0.0,0.0,0.0,0.0,0.0,0.0,0.0,0.0,0.0,0.0,0.0,0.0,0.0,0.0,0.0,0.0,0.0,0.0,0.0,0.0,2500.0,2225.0,2272.5,2300.0,2500.0,2500.0,2495.0,2675.0,2750.0,2672.5,2750.0,2700.0,2700.0,2790.0,2790.0,2777.5,2795.0,2700.0,2782.5,2707.5,2800.0,2780.0,2870.0
3-Bedroom,0.0,0.0,0.0,0.0,0.0,0.0,0.0,0.0,0.0,0.0,0.0,0.0,0.0,0.0,0.0,0.0,0.0,0.0,0.0,0.0,0.0,0.0,0.0,0.0,2367.0,2589.0,2589.0,2589.0,2589.0,2825.0,2647.5,2600.0,2594.5,2428.0,2500.0,2750.0,2595.0,2497.5,2524.0,2562.0,2800.0,2800.0,3170.0,3200.0,3100.0,2950.0,2950.0,3015.0,2950.0,3080.0,3200.0,3295.0,3367.5,3412.5,3355.0,3495.0,3300.0,3495.0,3500.0,3500.0,3547.5,3697.5,3761.0,3800.0,3800.0,3800.0,3800.0,3775.0,3950.0,3925.0,3750.0,3750.0,3887.5,3850.0,3988.0,4100.0,3972.5,3900.0,3800.0,3795.0,3750.0,3600.0,3695.0,3907.5,3800.0,3995.0,3950.0,4290.0,4100.0,4025.0,3997.0,4000.0,3995.0,3950.0,3997.0,3980.0,3900.0,4000.0,4000.0,4174.0,4300.0,4100.0
3-Bedroom,0.0,0.0,0.0,0.0,0.0,0.0,0.0,0.0,0.0,0.0,0.0,0.0,0.0,0.0,0.0,0.0,0.0,0.0,0.0,0.0,0.0,0.0,0.0,0.0,0.0,0.0,0.0,0.0,0.0,0.0,0.0,0.0,0.0,0.0,0.0,0.0,0.0,0.0,0.0,0.0,0.0,0.0,0.0,0.0,0.0,0.0,0.0,0.0,0.0,0.0,0.0,0.0,0.0,0.0,0.0,0.0,0.0,0.0,0.0,0.0,0.0,0.0,0.0,0.0,0.0,0.0,0.0,0.0,0.0,0.0,0.0,0.0,0.0,0.0,0.0,0.0,0.0,0.0,0.0,0.0,0.0,0.0,0.0,0.0,0.0,0.0,0.0,4250.0,4200.0,4200.0,4250.0,4250.0,4250.0,4200.0,3985.0,3800.0,3962.5,3997.5,4200.0,4300.0,4250.0,4297.5
3-Bedroom,0.0,0.0,0.0,0.0,0.0,0.0,0.0,0.0,0.0,0.0,0.0,0.0,1500.0,1500.0,1500.0,1550.0,1500.0,1550.0,1550.0,1525.0,1495.0,1495.0,1550.0,1500.0,1550.0,1550.0,1550.0,1540.0,1550.0,1550.0,1575.0,1550.0,1500.0,1500.0,1500.0,1550.0,1550.0,1595.0,1595.0,1595.0,1575.0,1575.0,1575.0,1595.0,1595.0,1595.0,1550.0,1625.0,1650.0,1650.0,1650.0,1625.0,1650.0,1680.0,1650.0,1650.0,1675.0,1650.0,1595.0,1595.0,1700.0,1700.0,1700.0,1700.0,1675.0,1737.5,1712.5,1712.5,1750.0,1762.0,1795.0,1800.0,1800.0,1800.0,1625.0,1850.0,1795.0,1895.0,1880.0,1750.0,1810.0,1872.5,1895.0,1975.0,1995.0,1960.0,1937.5,1950.0,2000.0,1960.0,1995.0,2050.0,2049.5,2095.0,2100.0,2060.0,2100.0,2100.0,2150.0,2195.0,2200.0,2250.0
3-Bedroom,0.0,0.0,0.0,0.0,0.0,0.0,0.0,0.0,0.0,0.0,0.0,0.0,0.0,0.0,0.0,0.0,0.0,0.0,0.0,0.0,0.0,0.0,0.0,0.0,0.0,0.0,0.0,0.0,0.0,0.0,0.0,0.0,0.0,0.0,0.0,0.0,0.0,0.0,0.0,0.0,0.0,0.0,0.0,0.0,0.0,0.0,0.0,0.0,0.0,0.0,0.0,0.0,0.0,0.0,0.0,0.0,0.0,0.0,0.0,0.0,0.0,0.0,0.0,0.0,0.0,0.0,0.0,0.0,0.0,0.0,0.0,0.0,0.0,0.0,0.0,0.0,1800.0,1895.0,2000.0,1950.0,1989.5,2055.0,1950.0,1972.5,2000.0,2100.0,2000.0,2095.0,2107.5,2197.5,2297.5,2200.0,2200.0,2200.0,2275.0,2200.0,2200.0,2300.0,2325.0,2300.0,2250.0,2245.0
3-Bedroom,0.0,0.0,0.0,0.0,0.0,0.0,0.0,0.0,0.0,0.0,0.0,0.0,0.0,0.0,0.0,0.0,0.0,0.0,0.0,0.0,0.0,0.0,0.0,0.0,0.0,0.0,0.0,0.0,0.0,0.0,0.0,0.0,0.0,0.0,0.0,0.0,0.0,0.0,0.0,0.0,0.0,0.0,0.0,0.0,0.0,0.0,0.0,0.0,0.0,0.0,0.0,5200.0,5400.0,5319.5,4997.5,5047.5,5000.0,5440.0,5343.0,5200.0,5271.5,5296.5,5445.0,5750.0,5900.0,5800.0,5500.0,5300.0,5200.0,5300.0,5125.0,5500.0,5480.0,6100.0,6800.0,5800.0,5500.0,5685.0,5597.5,5900.0,5500.0,5500.0,5500.0,5380.0,5300.0,5594.0,5500.0,6400.0,5989.0,5800.0,5700.0,5500.0,5700.0,5747.5,5595.0,5600.0,5775.0,5890.0,6200.0,5800.0,6025.0,5650.0
4-Bedroom,0.0,0.0,0.0,0.0,0.0,0.0,0.0,0.0,0.0,0.0,0.0,0.0,0.0,0.0,0.0,0.0,0.0,2600.0,2525.0,2553.0,2597.5,2650.0,2572.5,2497.5,2595.0,2795.0,2500.0,2500.0,2550.0,2550.0,2500.0,2600.0,2650.0,2600.0,2700.0,2650.0,2600.0,2600.0,2600.0,2600.0,2795.0,2945.0,2980.0,3025.0,3050.0,2797.5,2995.0,2895.0,2900.0,2850.0,2895.0,3200.0,3295.0,3400.0,3275.0,3495.0,3375.0,3300.0,3295.0,3295.0,3250.0,3500.0,3500.0,3500.0,3697.5,3700.0,3500.0,3500.0,3600.0,3525.0,3500.0,3500.0,3685.0,3700.0,3625.0,3650.0,3797.5,3825.0,3797.5,3750.0,3680.0,3700.0,3700.0,3600.0,3650.0,3695.0,3700.0,3800.0,3800.0,3950.0,3800.0,3772.5,3750.0,3700.0,3740.0,3800.0,3800.0,3890.0,3900.0,3950.0,3950.0,3950.0
4-Bedroom,0.0,0.0,0.0,0.0,0.0,0.0,0.0,0.0,0.0,0.0,0.0,0.0,0.0,0.0,0.0,0.0,0.0,0.0,0.0,0.0,0.0,0.0,0.0,0.0,0.0,0.0,0.0,0.0,0.0,0.0,0.0,0.0,0.0,0.0,0.0,0.0,0.0,0.0,0.0,0.0,0.0,0.0,0.0,0.0,0.0,0.0,0.0,0.0,0.0,0.0,0.0,0.0,0.0,0.0,0.0,0.0,0.0,0.0,0.0,0.0,0.0,0.0,0.0,0.0,0.0,7895.0,7700.0,7397.5,6800.0,6275.0,6500.0,7000.0,6995.0,6500.0,6645.0,6795.0,6972.5,6995.0,6350.0,6860.0,5897.5,6800.0,6325.0,6500.0,6250.0,6425.0,5972.5,6450.0,6525.0,6550.0,6500.0,6495.0,6282.5,5997.5,6400.0,6500.0,6500.0,6500.0,6550.0,6675.0,6947.5,6985.5
4-Bedroom,0.0,0.0,0.0,0.0,0.0,0.0,0.0,0.0,0.0,0.0,0.0,0.0,0.0,0.0,0.0,0.0,0.0,0.0,0.0,0.0,0.0,0.0,0.0,0.0,0.0,0.0,0.0,0.0,0.0,0.0,0.0,0.0,0.0,0.0,0.0,0.0,0.0,0.0,0.0,0.0,0.0,0.0,0.0,0.0,0.0,0.0,0.0,0.0,0.0,0.0,0.0,0.0,0.0,0.0,0.0,0.0,0.0,0.0,0.0,0.0,0.0,0.0,0.0,0.0,0.0,0.0,0.0,0.0,0.0,0.0,0.0,0.0,0.0,0.0,0.0,0.0,0.0,0.0,0.0,0.0,0.0,0.0,2997.5,3075.0,3300.0,2975.0,2935.0,3000.0,3300.0,3100.0,3200.0,3000.0,2935.0,3000.0,3047.5,3200.0,3375.0,3372.5,3200.0,3500.0,3500.0,3300.0
4-Bedroom,0.0,0.0,0.0,0.0,0.0,0.0,0.0,0.0,0.0,0.0,0.0,0.0,0.0,0.0,0.0,0.0,0.0,0.0,0.0,0.0,0.0,0.0,0.0,0.0,0.0,0.0,0.0,0.0,0.0,0.0,0.0,0.0,0.0,0.0,0.0,0.0,0.0,0.0,0.0,0.0,0.0,0.0,0.0,0.0,0.0,0.0,0.0,0.0,0.0,0.0,0.0,0.0,0.0,0.0,0.0,0.0,0.0,0.0,0.0,0.0,0.0,0.0,0.0,0.0,0.0,0.0,0.0,0.0,0.0,0.0,0.0,0.0,0.0,0.0,0.0,0.0,0.0,3590.0,3550.0,3550.0,3500.0,3470.0,3500.0,3500.0,3550.0,3675.0,3600.0,3650.0,3650.0,3670.0,3697.5,3664.0,3600.0,3540.0,3650.0,3697.5,3600.0,3600.0,3695.0,3745.0,3775.0,3850.0
4-Bedroom,0.0,0.0,0.0,0.0,0.0,0.0,0.0,0.0,0.0,0.0,0.0,1995.0,1995.0,1995.0,1995.0,1895.0,1900.0,1975.0,1900.0,1900.0,1950.0,1895.0,1829.0,1850.0,1850.0,1880.0,1839.0,1895.0,1945.0,1950.0,1901.0,1900.0,1900.0,1895.0,1895.0,1850.0,1850.0,1850.0,1854.5,1850.0,1850.0,1900.0,1895.0,1885.0,1875.0,1875.0,1900.0,1895.0,1900.0,1900.0,1950.0,2000.0,1995.0,2000.0,1975.0,1995.0,2000.0,1900.0,1895.0,1900.0,2000.0,2000.0,2100.0,2195.0,2150.0,2100.0,2125.0,2125.0,2099.0,2075.0,2100.0,2197.0,2119.5,2197.0,2125.0,2199.0,2000.0,2199.5,2150.0,2135.0,2100.0,2097.5,2125.0,2200.0,2300.0,2262.5,2300.0,2199.0,2200.0,2300.0,2350.0,2375.0,2250.0,2300.0,2300.0,2375.0,2400.0,2400.0,2450.0,2500.0,2400.0,2400.0
5 or more-Bedroom,0.0,0.0,0.0,0.0,0.0,0.0,0.0,0.0,0.0,0.0,0.0,0.0,0.0,0.0,0.0,0.0,0.0,0.0,0.0,0.0,0.0,0.0,0.0,0.0,0.0,0.0,0.0,0.0,0.0,0.0,0.0,0.0,0.0,0.0,0.0,0.0,0.0,0.0,0.0,0.0,0.0,0.0,0.0,0.0,0.0,0.0,0.0,0.0,0.0,0.0,0.0,0.0,0.0,0.0,0.0,0.0,0.0,0.0,0.0,0.0,0.0,0.0,0.0,0.0,0.0,0.0,0.0,0.0,0.0,0.0,0.0,0.0,0.0,0.0,0.0,0.0,0.0,0.0,0.0,0.0,0.0,0.0,0.0,3900.0,4372.5,4200.0,4395.0,4550.0,4700.0,4300.0,4285.0,4225.0,4200.0,4125.0,4197.5,4137.5,4000.0,4275.0,4447.5,4925.0,4970.0,4850.0
All Homes,0.0,0.0,0.0,0.0,0.0,0.0,0.0,0.0,0.0,0.0,0.0,1995.0,2000.0,2150.0,2250.0,2200.0,2300.0,2350.0,2300.0,2300.0,2300.0,2250.0,2200.0,2100.0,2195.0,2200.0,2200.0,2200.0,2295.0,2300.0,2222.5,2250.0,2300.0,2250.0,2300.0,2300.0,2250.0,2274.0,2250.0,2300.0,2300.0,2370.0,2338.0,2497.0,2595.0,2550.0,2600.0,2495.0,2495.0,2495.0,2500.0,2600.0,2695.0,2700.0,2800.0,2795.0,2795.0,2800.0,2795.0,2795.0,2850.0,2850.0,2950.0,2995.0,3150.0,3100.0,3100.0,3195.0,3155.0,3100.0,3100.0,3095.0,3175.0,3100.0,3162.5,3150.0,3200.0,3200.0,3095.0,3000.0,2995.0,2995.0,2997.5,3099.0,3183.0,3200.0,3200.0,3300.0,3350.0,3395.0,3300.0,3250.0,3300.0,3295.0,3295.0,3300.0,3300.0,3300.0,3392.5,3400.0,3400.0,3500.0
All Homes,0.0,0.0,3300.0,3200.0,3200.0,3200.0,3200.0,3200.0,3200.0,3325.0,3397.5,3175.0,3000.0,3000.0,3000.0,2950.0,2999.5,3140.0,3200.0,3500.0,3472.5,3400.0,3343.0,3262.5,3408.5,3500.0,3395.0,3400.0,3600.0,3600.0,3300.0,3497.5,3300.0,3250.0,3450.0,3520.0,3575.0,3500.0,3400.0,3800.0,3800.0,3700.0,3500.0,3650.0,3950.0,3950.0,4000.0,3962.5,3800.0,3800.0,3850.0,4000.0,3950.0,4000.0,4100.0,4072.5,4250.0,4200.0,4500.0,4495.0,4500.0,4495.0,4470.0,4500.0,4600.0,4600.0,4800.0,4650.0,4600.0,4500.0,4450.0,4500.0,4550.0,4500.0,4500.0,4500.0,4500.0,4450.0,4300.0,4200.0,4200.0,4100.0,4050.0,4200.0,4480.0,4400.0,4350.0,4450.0,4389.5,4495.0,4495.0,4400.0,4495.0,4400.0,4395.0,4490.0,4425.0,4485.0,4500.0,4500.0,4500.0,4500.0
All Homes,0.0,0.0,0.0,0.0,0.0,0.0,0.0,0.0,0.0,0.0,0.0,0.0,0.0,0.0,0.0,0.0,0.0,0.0,0.0,0.0,0.0,0.0,0.0,0.0,0.0,0.0,0.0,0.0,0.0,0.0,0.0,0.0,0.0,0.0,0.0,0.0,0.0,0.0,0.0,0.0,0.0,0.0,0.0,0.0,0.0,0.0,0.0,0.0,0.0,0.0,0.0,0.0,0.0,0.0,0.0,0.0,2385.0,2300.0,2272.5,2297.5,2400.0,2400.0,2499.0,2550.0,2450.0,2600.0,2650.0,2897.5,2997.0,2750.0,2800.0,2800.0,2800.0,2850.0,2850.0,3000.0,3000.0,3197.0,2850.0,2950.0,2695.0,2800.0,2900.0,2850.0,2900.0,2850.0,2850.0,2900.0,2950.0,2950.0,2900.0,2997.0,3000.0,2999.0,2949.0,2900.0,2800.0,2800.0,2897.5,3090.0,3150.0,3200.0
All Homes,0.0,0.0,0.0,0.0,0.0,0.0,0.0,0.0,0.0,0.0,0.0,1995.0,1850.0,2037.5,2000.0,2162.5,1950.0,1997.5,1995.0,2100.0,1997.5,2150.0,2000.0,1970.0,1995.0,2100.0,2150.0,2200.0,2150.0,2100.0,2095.0,2195.0,2100.0,2093.0,2102.5,2076.0,2097.5,2012.0,2100.0,2260.0,2400.0,2285.0,2065.0,2325.0,2295.0,2350.0,2500.0,2395.0,2350.0,2395.0,2477.5,2500.0,2497.5,2600.0,2600.0,2687.5,2600.0,2600.0,2700.0,2475.0,2525.0,2595.0,2750.0,2825.0,2950.0,2997.5,3000.0,3000.0,3000.0,3000.0,2900.0,2895.0,2977.5,2900.0,2875.0,2995.0,3100.0,3100.0,2990.0,3100.0,2999.5,2950.0,2950.0,2995.0,3100.0,3050.0,3150.0,3200.0,3200.0,3200.0,3200.0,3197.5,3100.0,3000.0,3050.0,3000.0,3200.0,3200.0,3300.0,3395.0,3400.0,3350.0
All Homes,0.0,0.0,0.0,0.0,0.0,0.0,0.0,0.0,0.0,0.0,0.0,0.0,0.0,0.0,0.0,0.0,0.0,0.0,0.0,0.0,0.0,0.0,0.0,0.0,0.0,0.0,2697.5,2800.0,2795.0,2850.0,2610.0,2590.0,2297.5,2210.0,2137.5,2395.0,2297.5,2250.0,2365.0,2500.0,2725.0,2550.0,2896.0,2725.0,2865.0,2790.0,2950.0,2950.0,2950.0,2950.0,2950.0,3000.0,3250.0,3500.0,3450.0,3495.0,3275.0,3300.0,3225.0,3200.0,3200.0,3600.0,3447.5,3300.0,3500.0,3500.0,3800.0,3600.0,3500.0,3600.0,3500.0,3425.0,3500.0,3500.0,3800.0,3850.0,3825.0,3800.0,3695.0,3500.0,3550.0,3500.0,3499.5,3500.0,3500.0,3675.0,3800.0,3950.0,3900.0,3795.0,3797.5,3850.0,3692.5,3650.0,3800.0,3725.0,3695.0,3800.0,3887.5,3997.0,4180.0,3950.0
All Homes,0.0,0.0,0.0,0.0,0.0,0.0,0.0,0.0,0.0,0.0,0.0,1800.0,1650.0,1650.0,1600.0,1600.0,1650.0,1750.0,1650.0,1600.0,1650.0,1559.0,1585.0,1620.0,1675.0,1625.0,1650.0,1600.0,1650.0,1700.0,1650.0,1600.0,1600.0,1650.0,1650.0,1675.0,1650.0,1675.0,1700.0,1695.0,1675.0,1650.0,1650.0,1700.0,1699.0,1720.0,1700.0,1750.0,1795.0,1795.0,1795.0,1795.0,1825.0,1800.0,1800.0,1795.0,1795.0,1800.0,1795.0,1795.0,1825.0,1795.0,1850.0,1950.0,1895.0,1895.0,1925.0,1900.0,1850.0,1895.0,2000.0,1955.0,1915.0,1900.0,1850.0,2000.0,1895.0,1995.0,1897.5,1950.0,1900.0,1895.0,1950.0,1950.0,1995.0,1995.0,1975.0,1995.0,2000.0,2000.0,2100.0,2195.0,2150.0,2100.0,2100.0,2122.5,2110.0,2150.0,2150.0,2195.0,2195.0,2200.0
All Homes,0.0,0.0,0.0,0.0,0.0,0.0,0.0,0.0,0.0,0.0,0.0,0.0,0.0,0.0,1795.0,1700.0,1575.0,1500.0,1497.5,1495.0,1497.5,1500.0,1595.0,1500.0,1497.5,1512.5,1595.0,1595.0,1550.0,1600.0,1600.0,1600.0,1570.0,1600.0,1600.0,1650.0,1649.0,1650.0,1650.0,1639.0,1595.0,1600.0,1595.0,1590.0,1600.0,1599.0,1550.0,1672.5,1695.0,1675.0,1699.0,1800.0,1795.0,1647.5,1697.5,1650.0,1712.5,1725.0,1695.0,1617.5,1590.0,1710.0,1749.0,1800.0,1794.5,1887.0,1900.0,1900.0,1969.0,1922.0,1909.0,1972.5,1904.5,1925.0,1875.0,1749.0,1900.0,1895.0,2000.0,1950.0,1895.0,1950.0,1865.0,1995.0,2000.0,2135.0,2165.0,2097.5,2097.5,2195.0,2225.0,2135.0,2200.0,2100.0,2195.0,2200.0,2225.0,2250.0,2295.0,2325.0,2275.0,2245.0
All Homes,0.0,0.0,0.0,0.0,0.0,0.0,0.0,0.0,0.0,0.0,0.0,0.0,0.0,0.0,0.0,0.0,0.0,0.0,0.0,0.0,0.0,0.0,0.0,0.0,0.0,0.0,0.0,0.0,0.0,0.0,0.0,0.0,0.0,0.0,0.0,0.0,0.0,0.0,0.0,0.0,0.0,0.0,0.0,0.0,0.0,0.0,0.0,0.0,0.0,0.0,0.0,0.0,5595.0,5995.0,5100.0,5000.0,4992.5,4997.5,4987.5,5800.0,5950.0,5500.0,5500.0,5925.0,5700.0,5900.0,5600.0,5200.0,5200.0,5062.5,5495.0,5500.0,5500.0,5500.0,6275.0,5875.0,5500.0,5500.0,5800.0,5900.0,5500.0,5097.5,5500.0,4995.0,5000.0,5500.0,5500.0,5900.0,6200.0,6000.0,5500.0,5350.0,5500.0,5472.5,5450.0,5450.0,5500.0,5550.0,5900.0,5950.0,5950.0,5925.0
Condo,0.0,0.0,0.0,0.0,0.0,0.0,0.0,0.0,0.0,0.0,0.0,1600.0,1695.0,1795.0,1900.0,1900.0,1885.0,2037.5,2099.5,2170.0,1985.0,1797.5,1800.0,1850.0,1825.0,1895.0,1650.0,1600.0,1650.0,1698.0,1695.0,1711.0,1795.0,1795.0,1795.0,1850.0,1850.0,1900.0,1825.0,1950.0,1790.0,1800.0,2000.0,2150.0,2200.0,2250.0,2225.0,2100.0,2050.0,2050.0,2050.0,2325.0,2395.0,2395.0,2400.0,2425.0,2395.0,2497.5,2450.0,2395.0,2450.0,2500.0,2650.0,2595.0,2650.0,2700.0,2700.0,2750.0,2700.0,2725.0,2750.0,2795.0,2795.0,2750.0,2750.0,2750.0,2795.0,2799.0,2600.0,2695.0,2600.0,2650.0,2600.0,2650.0,2750.0,2800.0,2750.0,2800.0,2900.0,2850.0,2875.0,2800.0,2800.0,2795.0,2800.0,2797.5,2800.0,2800.0,2895.0,2900.0,2950.0,2950.0
Condo,0.0,0.0,0.0,0.0,0.0,0.0,0.0,0.0,2925.0,3200.0,3087.5,3100.0,3140.0,3167.5,3200.0,3200.0,3140.0,3200.0,3375.0,3500.0,3400.0,3400.0,3300.0,3132.5,3300.0,3475.0,3397.5,3497.5,3600.0,3650.0,3482.5,3500.0,3450.0,3495.0,3600.0,3700.0,3737.5,3700.0,3500.0,3800.0,3700.0,3450.0,3300.0,3500.0,3950.0,3925.0,3800.0,3850.0,3795.0,3800.0,3800.0,3995.0,3900.0,3995.0,4000.0,3997.0,4200.0,4195.0,4437.5,4400.0,4385.0,4287.5,4200.0,4500.0,4600.0,4550.0,4700.0,4600.0,4750.0,4500.0,4297.5,4400.0,4500.0,4500.0,4500.0,4450.0,4390.0,4350.0,4200.0,4197.0,4200.0,3997.0,4000.0,4200.0,4400.0,4300.0,4250.0,4250.0,4195.0,4275.0,4256.0,4295.0,4300.0,4250.0,4250.0,4400.0,4362.5,4295.0,4295.0,4487.5,4397.5,4392.0
Condo,0.0,0.0,0.0,0.0,0.0,0.0,0.0,0.0,0.0,0.0,0.0,0.0,0.0,0.0,0.0,0.0,0.0,0.0,0.0,0.0,0.0,0.0,0.0,0.0,0.0,0.0,0.0,0.0,0.0,0.0,0.0,0.0,0.0,0.0,0.0,0.0,0.0,0.0,0.0,0.0,0.0,0.0,0.0,0.0,0.0,0.0,0.0,0.0,0.0,0.0,0.0,0.0,0.0,0.0,0.0,0.0,0.0,0.0,0.0,0.0,0.0,0.0,0.0,2500.0,2395.0,2625.0,2700.0,2575.0,2900.0,2795.0,2900.0,2875.0,2897.5,2800.0,2892.5,2900.0,2995.0,3125.0,2850.0,2800.0,2550.0,2700.0,2700.0,2700.0,2900.0,2935.0,2900.0,2850.0,2850.0,2850.0,2787.5,2785.0,2850.0,2800.0,2800.0,2795.0,2795.0,2800.0,2750.0,2950.0,3000.0,3100.0
Condo,0.0,0.0,0.0,0.0,0.0,0.0,0.0,0.0,0.0,0.0,0.0,0.0,0.0,0.0,0.0,0.0,0.0,0.0,0.0,0.0,0.0,0.0,0.0,0.0,0.0,0.0,0.0,0.0,0.0,0.0,0.0,0.0,0.0,0.0,0.0,0.0,0.0,0.0,0.0,0.0,0.0,0.0,0.0,0.0,0.0,0.0,0.0,0.0,0.0,0.0,0.0,0.0,0.0,0.0,0.0,0.0,0.0,0.0,0.0,0.0,0.0,0.0,0.0,0.0,0.0,0.0,0.0,0.0,0.0,0.0,0.0,2495.0,2575.0,2500.0,2575.0,2500.0,2775.0,2550.0,2612.5,2850.0,2750.0,2500.0,2500.0,2500.0,2625.0,2600.0,2700.0,3100.0,2747.5,2775.0,2772.5,2695.0,2650.0,2600.0,2600.0,2550.0,2550.0,2587.5,2887.5,2850.0,3125.0,3200.0
Condo,0.0,0.0,0.0,0.0,0.0,0.0,0.0,0.0,0.0,0.0,0.0,0.0,0.0,0.0,0.0,0.0,0.0,0.0,0.0,0.0,0.0,0.0,0.0,0.0,0.0,0.0,0.0,0.0,0.0,0.0,0.0,0.0,0.0,0.0,0.0,0.0,0.0,0.0,0.0,0.0,0.0,0.0,0.0,0.0,0.0,0.0,0.0,0.0,0.0,0.0,0.0,0.0,0.0,0.0,0.0,0.0,0.0,0.0,0.0,0.0,0.0,0.0,0.0,3050.0,3300.0,3175.0,3100.0,3000.0,3343.5,3225.0,3250.0,3100.0,3050.0,3000.0,3287.5,3500.0,3400.0,3275.0,3300.0,3225.0,3050.0,3250.0,3200.0,3270.0,3200.0,3250.0,3547.5,3750.0,3665.0,3400.0,3400.0,3500.0,3225.0,3150.0,3400.0,3350.0,3495.0,3497.5,3550.0,3500.0,3625.0,3575.0
Duplex/Triplex,0.0,0.0,0.0,0.0,0.0,0.0,0.0,0.0,0.0,0.0,0.0,0.0,0.0,0.0,0.0,0.0,0.0,0.0,0.0,0.0,0.0,0.0,0.0,0.0,0.0,0.0,0.0,0.0,0.0,0.0,0.0,0.0,0.0,0.0,0.0,0.0,0.0,0.0,0.0,0.0,0.0,0.0,0.0,0.0,0.0,0.0,0.0,0.0,0.0,0.0,0.0,0.0,0.0,0.0,0.0,0.0,0.0,0.0,0.0,0.0,0.0,0.0,0.0,0.0,0.0,0.0,0.0,0.0,0.0,0.0,0.0,0.0,0.0,0.0,2500.0,2450.0,2095.0,2122.5,1895.0,1795.0,1895.0,1906.5,1875.0,1900.0,2025.0,2097.5,2100.0,2197.5,2200.0,2233.0,2100.0,2270.5,2195.0,2100.0,2095.0,2097.5,2090.0,2200.0,2372.5,2400.0,2433.5,2400.0
Duplex/Triplex,0.0,0.0,0.0,0.0,0.0,0.0,0.0,0.0,0.0,0.0,0.0,0.0,0.0,0.0,0.0,0.0,0.0,0.0,0.0,0.0,0.0,0.0,0.0,0.0,2800.0,2750.0,2825.0,2800.0,2950.0,2850.0,2895.0,2795.0,2950.0,3172.5,3600.0,3200.0,3200.0,3297.5,3297.5,3500.0,3750.0,3850.0,3750.0,3400.0,3200.0,3295.0,3400.0,3400.0,3197.5,3200.0,3485.0,3700.0,3600.0,3795.0,3797.5,3950.0,3900.0,3900.0,4000.0,4000.0,4000.0,3900.0,3990.0,3950.0,4007.5,3995.0,4200.0,3800.0,3800.0,3997.5,4000.0,4295.0,4200.0,4150.0,4137.5,4250.0,3861.0,4000.0,3495.0,3595.0,3400.0,3395.0,3250.0,3400.0,3495.0,3500.0,3500.0,3600.0,3595.0,3677.5,3550.0,3550.0,3595.0,3550.0,3500.0,3600.0,3595.0,3550.0,3695.0,3695.0,3695.0,3650.0
Duplex/Triplex,0.0,0.0,0.0,0.0,0.0,0.0,0.0,0.0,0.0,0.0,0.0,0.0,0.0,0.0,0.0,0.0,0.0,0.0,0.0,0.0,0.0,0.0,0.0,0.0,0.0,0.0,0.0,0.0,0.0,0.0,0.0,0.0,0.0,0.0,0.0,0.0,0.0,0.0,0.0,0.0,0.0,0.0,0.0,0.0,0.0,0.0,0.0,0.0,0.0,0.0,0.0,0.0,0.0,0.0,0.0,0.0,0.0,0.0,0.0,0.0,0.0,0.0,0.0,0.0,0.0,0.0,0.0,0.0,0.0,0.0,0.0,0.0,0.0,2095.0,1900.0,1895.0,2200.0,1995.0,2295.0,2325.0,2078.5,2297.5,2047.5,2200.0,2095.0,2125.0,2197.5,2200.0,2300.0,2300.0,2250.0,2200.0,2200.0,2195.0,2195.0,2195.0,2200.0,2195.0,2200.0,2250.0,2295.0,2285.0
Duplex/Triplex,0.0,0.0,0.0,0.0,0.0,0.0,0.0,0.0,0.0,0.0,0.0,0.0,0.0,0.0,0.0,0.0,0.0,0.0,0.0,0.0,0.0,0.0,0.0,0.0,0.0,0.0,0.0,0.0,0.0,0.0,0.0,0.0,0.0,0.0,0.0,0.0,0.0,0.0,0.0,0.0,0.0,0.0,0.0,0.0,0.0,0.0,0.0,0.0,0.0,0.0,0.0,0.0,0.0,0.0,0.0,0.0,0.0,0.0,0.0,0.0,0.0,0.0,0.0,0.0,0.0,0.0,0.0,0.0,0.0,0.0,0.0,0.0,0.0,0.0,0.0,0.0,0.0,0.0,0.0,0.0,0.0,0.0,0.0,0.0,0.0,0.0,2250.0,2250.0,2400.0,2500.0,2395.0,2395.0,2445.0,2500.0,2497.5,2485.0,2295.0,2400.0,2472.5,2595.0,2495.0,2575.0
Duplex/Triplex,0.0,0.0,0.0,0.0,0.0,0.0,0.0,0.0,0.0,0.0,0.0,0.0,0.0,0.0,0.0,0.0,0.0,0.0,0.0,0.0,0.0,0.0,0.0,0.0,0.0,0.0,0.0,0.0,0.0,0.0,0.0,0.0,0.0,0.0,0.0,0.0,0.0,0.0,0.0,0.0,0.0,0.0,0.0,0.0,0.0,0.0,0.0,0.0,0.0,0.0,0.0,0.0,0.0,0.0,0.0,0.0,0.0,0.0,0.0,0.0,0.0,0.0,0.0,0.0,0.0,0.0,0.0,0.0,0.0,0.0,0.0,0.0,0.0,0.0,0.0,0.0,0.0,0.0,0.0,0.0,0.0,0.0,0.0,0.0,2595.0,2525.0,2350.0,2395.0,2400.0,2500.0,2500.0,2350.0,2495.0,2497.5,2497.0,2500.0,2525.0,2650.0,2650.0,2550.0,2550.0,2495.0
Duplex/Triplex,0.0,0.0,0.0,0.0,0.0,0.0,0.0,0.0,0.0,0.0,0.0,0.0,0.0,0.0,0.0,0.0,0.0,0.0,0.0,0.0,0.0,0.0,0.0,0.0,0.0,0.0,0.0,0.0,0.0,0.0,0.0,0.0,0.0,0.0,0.0,0.0,0.0,0.0,0.0,0.0,0.0,0.0,0.0,0.0,0.0,0.0,0.0,0.0,0.0,0.0,0.0,0.0,0.0,0.0,0.0,0.0,0.0,0.0,0.0,0.0,0.0,0.0,0.0,0.0,0.0,0.0,0.0,0.0,0.0,0.0,0.0,0.0,0.0,0.0,0.0,0.0,0.0,0.0,0.0,0.0,0.0,0.0,2547.5,2695.0,2800.0,2600.0,2600.0,2750.0,2860.0,2770.0,2750.0,2872.5,2850.0,2895.0,2850.0,2845.0,2750.0,2747.5,3000.0,3000.0,2795.0,2900.0
Duplex/Triplex,0.0,0.0,0.0,0.0,0.0,0.0,0.0,0.0,0.0,0.0,0.0,0.0,0.0,0.0,0.0,0.0,0.0,0.0,0.0,0.0,0.0,0.0,0.0,0.0,0.0,0.0,0.0,0.0,0.0,0.0,0.0,0.0,0.0,0.0,0.0,0.0,0.0,0.0,0.0,0.0,0.0,0.0,0.0,0.0,0.0,0.0,0.0,0.0,0.0,0.0,0.0,0.0,0.0,0.0,0.0,0.0,0.0,0.0,0.0,0.0,0.0,0.0,0.0,0.0,0.0,0.0,0.0,0.0,0.0,0.0,0.0,0.0,0.0,0.0,2500.0,2450.0,2095.0,2122.5,1895.0,1795.0,1895.0,1906.5,1875.0,1900.0,2025.0,2097.5,2100.0,2197.5,2200.0,2233.0,2100.0,2270.5,2195.0,2100.0,2095.0,2097.5,2090.0,2200.0,2372.5,2400.0,2433.5,2400.0
Duplex/Triplex,0.0,0.0,0.0,0.0,0.0,0.0,0.0,0.0,0.0,0.0,0.0,0.0,0.0,0.0,0.0,0.0,0.0,0.0,0.0,0.0,0.0,0.0,0.0,0.0,2800.0,2750.0,2825.0,2800.0,2950.0,2850.0,2895.0,2795.0,2950.0,3172.5,3600.0,3200.0,3200.0,3297.5,3297.5,3500.0,3750.0,3850.0,3750.0,3400.0,3200.0,3295.0,3400.0,3400.0,3197.5,3200.0,3485.0,3700.0,3600.0,3795.0,3797.5,3950.0,3900.0,3900.0,4000.0,4000.0,4000.0,3900.0,3990.0,3950.0,4007.5,3995.0,4200.0,3800.0,3800.0,3997.5,4000.0,4295.0,4200.0,4150.0,4137.5,4250.0,3861.0,4000.0,3495.0,3595.0,3400.0,3395.0,3250.0,3400.0,3495.0,3500.0,3500.0,3600.0,3595.0,3677.5,3550.0,3550.0,3595.0,3550.0,3500.0,3600.0,3595.0,3550.0,3695.0,3695.0,3695.0,3650.0
Duplex/Triplex,0.0,0.0,0.0,0.0,0.0,0.0,0.0,0.0,0.0,0.0,0.0,0.0,0.0,0.0,0.0,0.0,0.0,0.0,0.0,0.0,0.0,0.0,0.0,0.0,0.0,0.0,0.0,0.0,0.0,0.0,0.0,0.0,0.0,0.0,0.0,0.0,0.0,0.0,0.0,0.0,0.0,0.0,0.0,0.0,0.0,0.0,0.0,0.0,0.0,0.0,0.0,0.0,0.0,0.0,0.0,0.0,0.0,0.0,0.0,0.0,0.0,0.0,0.0,0.0,0.0,0.0,0.0,0.0,0.0,0.0,0.0,0.0,0.0,2095.0,1900.0,1895.0,2200.0,1995.0,2295.0,2325.0,2078.5,2297.5,2047.5,2200.0,2095.0,2125.0,2197.5,2200.0,2300.0,2300.0,2250.0,2200.0,2200.0,2195.0,2195.0,2195.0,2200.0,2195.0,2200.0,2250.0,2295.0,2285.0
Duplex/Triplex,0.0,0.0,0.0,0.0,0.0,0.0,0.0,0.0,0.0,0.0,0.0,0.0,0.0,0.0,0.0,0.0,0.0,0.0,0.0,0.0,0.0,0.0,0.0,0.0,0.0,0.0,0.0,0.0,0.0,0.0,0.0,0.0,0.0,0.0,0.0,0.0,0.0,0.0,0.0,0.0,0.0,0.0,0.0,0.0,0.0,0.0,0.0,0.0,0.0,0.0,0.0,0.0,0.0,0.0,0.0,0.0,0.0,0.0,0.0,0.0,0.0,0.0,0.0,0.0,0.0,0.0,0.0,0.0,0.0,0.0,0.0,0.0,0.0,0.0,0.0,0.0,0.0,0.0,0.0,0.0,0.0,0.0,0.0,0.0,0.0,0.0,2250.0,2250.0,2400.0,2500.0,2395.0,2395.0,2445.0,2500.0,2497.5,2485.0,2295.0,2400.0,2472.5,2595.0,2495.0,2575.0
Duplex/Triplex,0.0,0.0,0.0,0.0,0.0,0.0,0.0,0.0,0.0,0.0,0.0,0.0,0.0,0.0,0.0,0.0,0.0,0.0,0.0,0.0,0.0,0.0,0.0,0.0,0.0,0.0,0.0,0.0,0.0,0.0,0.0,0.0,0.0,0.0,0.0,0.0,0.0,0.0,0.0,0.0,0.0,0.0,0.0,0.0,0.0,0.0,0.0,0.0,0.0,0.0,0.0,0.0,0.0,0.0,0.0,0.0,0.0,0.0,0.0,0.0,0.0,0.0,0.0,0.0,0.0,0.0,0.0,0.0,0.0,0.0,0.0,0.0,0.0,0.0,0.0,0.0,0.0,0.0,0.0,0.0,0.0,0.0,0.0,0.0,2595.0,2525.0,2350.0,2395.0,2400.0,2500.0,2500.0,2350.0,2495.0,2497.5,2497.0,2500.0,2525.0,2650.0,2650.0,2550.0,2550.0,2495.0
Duplex/Triplex,0.0,0.0,0.0,0.0,0.0,0.0,0.0,0.0,0.0,0.0,0.0,0.0,0.0,0.0,0.0,0.0,0.0,0.0,0.0,0.0,0.0,0.0,0.0,0.0,0.0,0.0,0.0,0.0,0.0,0.0,0.0,0.0,0.0,0.0,0.0,0.0,0.0,0.0,0.0,0.0,0.0,0.0,0.0,0.0,0.0,0.0,0.0,0.0,0.0,0.0,0.0,0.0,0.0,0.0,0.0,0.0,0.0,0.0,0.0,0.0,0.0,0.0,0.0,0.0,0.0,0.0,0.0,0.0,0.0,0.0,0.0,0.0,0.0,0.0,0.0,0.0,0.0,0.0,0.0,0.0,0.0,0.0,2547.5,2695.0,2800.0,2600.0,2600.0,2750.0,2860.0,2770.0,2750.0,2872.5,2850.0,2895.0,2850.0,2845.0,2750.0,2747.5,3000.0,3000.0,2795.0,2900.0
